album_name,artist_ids,total_tracks,popularity
UNDERTALE Soundtrack,57DlMWmbVIf2ssJ8QBpBau,101,78
The Top 100 Toddler Songs,1qKLikeNYpQFSsDAjg7HpI,100,51
Top 100 Worship Songs,3JKSiFPFpKSntu64OwWnIw,100,56
100 Greatest Country: The Best Hits from Nashville And Beyond,0LyfQWJT6nXafLPZqxe9Of,100,42
"Top 100 Latin Hits Playlist - over 5 Hours of the Best Latino Anthems Ever! - Perfect for Parties, Bbq's, Beach & Holidays",3Q9xX0Mz4YBdG9UD1Udpp3,100,2
100 Latin Lounge Favourites,0LyfQWJT6nXafLPZqxe9Of,100,6
Cover Me: With 99 TV Songs,6DwBY9OXikIY0yMP5Vh9iq,99,33
Country,0LyfQWJT6nXafLPZqxe9Of,80,35
Country Hits 2024,0LyfQWJT6nXafLPZqxe9Of,79,37
Pure... Country,0LyfQWJT6nXafLPZqxe9Of,68,40
Pure... Latin Dance,0LyfQWJT6nXafLPZqxe9Of,64,32
Top 60 Latin Dance Legends,0LyfQWJT6nXafLPZqxe9Of,60,24
30 Vocal Trance Hits,4IKcM7c4MduuYMAXubwP6o,60,32
30 Vocal Trance Hits,1UkK91RiLw3FonVedbAVA1,60,37
"Cover Sessions, Vol. 2",7CQwac16i1W5ej8YpuL3dv,57,62
"Cover Sessions, Vol. 4",7CQwac16i1W5ej8YpuL3dv,56,65
"Cover Sessions, Vol. 3",7CQwac16i1W5ej8YpuL3dv,56,65
Top Country Hits 2024,0LyfQWJT6nXafLPZqxe9Of,55,31
Latino! Greatest Hits - 53 Latin Top Hits (Original Versions!),0LyfQWJT6nXafLPZqxe9Of,53,35
Top 50 Praise Songs,67OFzndMlzj7cDF2BqnwYe,50,50
Top 50 Bach,"5aIqB5nVVvmFsvSdExz408,0LyfQWJT6nXafLPZqxe9Of",50,48
Top 50 Nursery Rhymes,47tuSUJMhsa3twW6wgKdIW,50,69
Top 50 Worship Songs,3JKSiFPFpKSntu64OwWnIw,50,50
Country Hits 2025,0LyfQWJT6nXafLPZqxe9Of,50,33
Country Hits - 50 Greatest - The Very Best Country & Western Classics,0LyfQWJT6nXafLPZqxe9Of,50,42
50 Vocal Warmups Exercises for Alto Voice,7GmLN95XCrM3uP2ZGkT0l0,50,20
Vocal Trance Sessions - Best Of 2011,0LyfQWJT6nXafLPZqxe9Of,50,15
Vocal Miracles,0LyfQWJT6nXafLPZqxe9Of,49,20
Country Hits,0LyfQWJT6nXafLPZqxe9Of,48,38
Latin Rhythm - The Best Reggeaton Club Hits,0LyfQWJT6nXafLPZqxe9Of,48,43
Vocals,1EGCJLdTQxP8UIA4MWr6Nx,48,19
TOP HITS 2024,0LyfQWJT6nXafLPZqxe9Of,45,37
Latino Hits 2024,0LyfQWJT6nXafLPZqxe9Of,44,33
In Utero (Deluxe Edition),6olE6TJLqED3rqDCT0FyPh,43,75
Latin House Summer 2015 / 2016 Greatest Hits Top Songs (Commercial Dance Compilation),0LyfQWJT6nXafLPZqxe9Of,42,44
Baby Now That I've Found You,4GITZM5LCR2KcdlgEOrNLD,41,69
Under the Starlit Sky,4XbcXL8SaLFZ30wfRM5tbB,40,61
40 Worlds Greatest Latin Hits - The Only Latino Hits Album You'll Ever Need,14mJhuEUzWNm3IjWv7uHjb,40,20
Top 40 Latin Classics - All the Best Latino Hits You'll Ever Need !,4rzpMheJqpg5kVqoCaTAAC,40,13
Vocal Trance Hits 2018 - Vol. 1,0LyfQWJT6nXafLPZqxe9Of,40,26
Latin Hits Summer 2013,0LyfQWJT6nXafLPZqxe9Of,39,48
Salsa Classics - The Best Latin Hits of All Times,0LyfQWJT6nXafLPZqxe9Of,37,45
Cottage Music: Country Party,0LyfQWJT6nXafLPZqxe9Of,35,17
"Latin Party Hits - The Best Latino & Salsa Music Ever! (Reggaeton, Merengue, Latin Dance, Kuduro, Cuban, Fitness & Workout)",0LyfQWJT6nXafLPZqxe9Of,35,17
Latino Hits 2025,0LyfQWJT6nXafLPZqxe9Of,35,25
90s Country,0LyfQWJT6nXafLPZqxe9Of,32,39
THE TORTURED POETS DEPARTMENT: THE ANTHOLOGY,06HL4z0CvFAxyc27GXpf02,31,89
The Ultimate Collection,5M52tdBnJaKSvOpJGz8mfZ,31,60
Country Mix,0LyfQWJT6nXafLPZqxe9Of,31,46
Old Country Hits,0LyfQWJT6nXafLPZqxe9Of,31,42
"Punk-O-Rama, Vol. 8",0LyfQWJT6nXafLPZqxe9Of,31,28
Latin Party,7aScPHP4oVPbJBmOKyc9jQ,31,27
The Beatles (Remastered),3WrFJ7ztbogyGnTHbHJFl2,30,76
Top 30 Baby Songs,1qKLikeNYpQFSsDAjg7HpI,30,56
Top Hits 2010-2020,0LyfQWJT6nXafLPZqxe9Of,30,52
Chill Country,0LyfQWJT6nXafLPZqxe9Of,30,45
Best Of 2000s Country,0LyfQWJT6nXafLPZqxe9Of,30,39
Country Festival,0LyfQWJT6nXafLPZqxe9Of,30,38
Old Country Music,0LyfQWJT6nXafLPZqxe9Of,30,32
Punk Sucks,0LyfQWJT6nXafLPZqxe9Of,30,23
Punk's Not Dead - 30 Years Of Punk,0LyfQWJT6nXafLPZqxe9Of,30,31
"Cover Sessions, Vol. 5",7CQwac16i1W5ej8YpuL3dv,30,59
Latino Summer Hits,0LyfQWJT6nXafLPZqxe9Of,30,44
"Latino - Essential Summer Hits - The Only Latin Music & Salsa Party Album You'll Ever Need (Reggaeton, Cuban, Merengue, Latin Dance, Kuduro, Reggaeton Fitness & Workout)",0LyfQWJT6nXafLPZqxe9Of,30,14
Vocal Trance Hits - The Anthems,0LyfQWJT6nXafLPZqxe9Of,30,46
15 Vocalists Who Deserved To Be Superstars,0LyfQWJT6nXafLPZqxe9Of,30,23
Gold,2Hkut4rAAyrQxRdof7FVJq,29,19
I Told You,2jku7tDXc6XoB6MO2hFuqg,28,71
Punk Rock 90's & 00's,0LyfQWJT6nXafLPZqxe9Of,28,39
Punk-O-Rama 5,0LyfQWJT6nXafLPZqxe9Of,28,28
Latin Party,0LyfQWJT6nXafLPZqxe9Of,28,28
All Eyez On Me,1ZwdS5xdxEREPySFridCfh,27,80
Country Radio Hits,0LyfQWJT6nXafLPZqxe9Of,27,37
2000s Country Hits,0LyfQWJT6nXafLPZqxe9Of,27,32
Latin Hits Summer 2019,0LyfQWJT6nXafLPZqxe9Of,27,45
METAL GEAR RISING REVENGEANCE Vocal Tracks Selection,0LyfQWJT6nXafLPZqxe9Of,27,64
The Wall,0k17h0D3J5VfsdmQ1iZtE9,26,81
Unreal Unearth: Unending,2FXC3k01G6Gw61bmprjgqS,26,63
"Punk-O-Rama, Vol. 10",0LyfQWJT6nXafLPZqxe9Of,26,29
Top 25 Praise Songs: 2005,6CDJjCW8qVphiyxVukKdOa,25,47
Greatest Hits,1ZwdS5xdxEREPySFridCfh,25,80
Soft Country Songs,0LyfQWJT6nXafLPZqxe9Of,25,34
"Punk-O-Rama, Vol. 3",0LyfQWJT6nXafLPZqxe9Of,25,27
"Punk-O-Rama, Vol. 4",0LyfQWJT6nXafLPZqxe9Of,25,31
Latin Crooners,5PMsEs8lMmNU7dgIUiZPim,25,52
Latin Summer,0LyfQWJT6nXafLPZqxe9Of,25,24
Vocal Warm Ups & Exercises,4GHTVWTLQpFN8ogCjbzt0T,25,21
Ultimate Pitch Perfect (Original Motion Picture Soundtrack),0LyfQWJT6nXafLPZqxe9Of,24,61
Under The Stars,1I3soXpD3r7YZ751c6L5ag,24,68
"Golden Child, Chapter 3",5delTPpDAtBDsjk60f5xnt,24,60
Top Country Hits Of All Time,0LyfQWJT6nXafLPZqxe9Of,24,36
"Punk-O-Rama, Vol. 9",0LyfQWJT6nXafLPZqxe9Of,24,24
Latin Back To School Vol. 5,0LyfQWJT6nXafLPZqxe9Of,24,16
Best Of Vocal Trance 2016,0LyfQWJT6nXafLPZqxe9Of,24,35
The Fame Monster (Deluxe Edition),1HY2Jd0NmPuamShAr6KMms,23,80
Unreal Unearth: Unaired,2FXC3k01G6Gw61bmprjgqS,23,72
Un Verano Sin Ti,4q3ewBCX7sLwd24euuV69X,23,91
Punk Rock Jukebox,0LyfQWJT6nXafLPZqxe9Of,23,28
Punk-O-Rama 6,0LyfQWJT6nXafLPZqxe9Of,23,26
Latino,7gcLVzli5G2BzreoPZVhNY,23,26
Latin Ska Force,45fwElEp0loQ0FdpvpOgsW,23,55
The Massacre,3q7HBObVc0L8jNeTe5Gofh,22,78
Hurry Up Tomorrow,1Xyo4u8uXC1ZmMpatF05PJ,22,92
Up 2 Më,3qiHUAX7zY4Qnjx8TNUzVx,22,72
The Punk Terrorist Anthology Vol. 1,2ppBcpxOqehpLJuJQIRnKM,22,35
Speak Now (Taylor's Version),06HL4z0CvFAxyc27GXpf02,22,82
Latin Hits 2010's,0LyfQWJT6nXafLPZqxe9Of,22,33
The College Dropout,5K4W6rqBFWDnAN6FQUkS6x,21,79
The Stranger (Legacy Edition),6zFYqv1mOsgBRQbae3JJ9e,21,80
Top,7wlFDEWiM5OoIAt8RSli8b,21,46
Top,7wlFDEWiM5OoIAt8RSli8b,21,70
$ome $exy $ongs 4 U,"2HPaUgqeutzr3jx5a9WyDV,3TVXtAsR1Inumwj472S9r4",21,91
Vocal Warm Up Exercises Ah Edition,1BctLYqCGS8COIZR7JG8Vw,21,20
The Eminem Show,7dGJo4pcD2V6oG8kP0tJRR,20,85
The Life Of Pablo,5K4W6rqBFWDnAN6FQUkS6x,20,79
The Secret of Us (Deluxe),4tuJ0bMpJh08umKkEXKUI5,20,88
THE FIRST TIME,2tIP7SsRs7vjIcLrU85W8J,20,79
The Search,6fOMl44jA4Sp5b9PpYCkzz,20,76
Top Of The Line,5fJsY7afrbsyzJj9wdzJMh,20,62
Top Shotta,0ErzCpIMyLcjPiwT4elrtZ,20,69
Praise Gold (I Love You Lord),67OFzndMlzj7cDF2BqnwYe,20,46
Country Party Hits,0LyfQWJT6nXafLPZqxe9Of,20,38
Country chaud,0LyfQWJT6nXafLPZqxe9Of,20,22
Best Of The 10s: Country,0LyfQWJT6nXafLPZqxe9Of,20,37
Punk Goes Acoustic,05DSiNi8z8w8iXz34JfHse,20,39
Punk,50co4Is1HCEo8bhOyUWKpn,20,65
The Power of the Latin Music,0LyfQWJT6nXafLPZqxe9Of,20,38
The Latin Club,0LyfQWJT6nXafLPZqxe9Of,20,33
Best Latin Hits of All Time,0LyfQWJT6nXafLPZqxe9Of,20,16
Infinity On High,4UXqAaa6dQYAk18Lv7PEgX,19,74
The Party Never Ends 2.0,4MCBfE4596Uoi2O4DtmEMz,19,79
The Great American Bar Scene,40ZNYROS4zLfyyBSs2PGe2,19,79
The Death of Slim Shady (Coup De Grâce),7dGJo4pcD2V6oG8kP0tJRR,19,77
Top 20,68i7iw19M3WbVRM1DtElwC,19,41
UTOPIA,0Y5tJX1MQlPlqiwlOH1tJY,19,87
Gold,6VX2R9L0O0d6qPvqGuIH7b,19,47
"Punk-O-Rama, Vol. 7",0LyfQWJT6nXafLPZqxe9Of,19,27
The Punk Singer (Original Motion Picture Soundtrack),0LyfQWJT6nXafLPZqxe9Of,19,49
"Cover Sessions, Vol. 6",7CQwac16i1W5ej8YpuL3dv,19,59
I AM...SASHA FIERCE NEW DELUXE EDITION,6vWDO969PvNqNYHIOW5v0m,18,51
The Documentary,0NbfKEOTQCcwd6o7wSDOHI,18,75
The Marshall Mathers LP,7dGJo4pcD2V6oG8kP0tJRR,18,82
Up All Night,4AK6F7OLvEQ5QYCBNiQWHq,18,79
Golden Hits,6KWcxMWVNVIYbdOQyJtsSy,18,58
Golden,5lwmRuXgjX8xIwlnauTZIP,18,76
Incontournable Gold,0jByDd0pRNXrov9xxc5Hb5,18,47
Golden Hour,23fqKkggKUBHNkbKtXEls4,18,71
Good Intentions,7rkW85dBwwrJtlHRDkJDAC,18,61
Now Or Never,"5hdhHgpxyniooUiQVaPxQ0,1fux65HMCBvfJHqlBc4Nno",18,62
If You're Reading This It's Too Late,3TVXtAsR1Inumwj472S9r4,17,75
I Am Not A Human Being II (Deluxe),55Aa2cqylxrFIXC767Z865,17,77
I met you when I was 18. (the playlist),5JZ7CnR6gTvEMKX4g70Amv,17,77
The Truth About Love,1KCSPY1glIKqW2TotWuXOR,17,80
the mockingbird & THE CROW,5QNm7E7RU2m64l6Gliu8Oy,17,74
Unapologetic (Deluxe),5pKCCKE2ajJHZ9KAiaK11H,17,70
Country Grammar,2gBjLmx6zQnFGQJCAQpRgw,17,72
Punk-O-Rama 2,0LyfQWJT6nXafLPZqxe9Of,17,30
Punk Goes Pop,05DSiNi8z8w8iXz34JfHse,17,47
Punk In Drublic,4S2yOnmsWW97dT87yVoaSZ,17,57
Not Now I'm Busy,6C1ohJrd5VydigQtaGy5Wa,17,60
SPEAK NOW,3tJoFztHeIJkJWMrx0td2f,17,66
The Latin Touch,5ETqbIZYRoPMQbly4iVfuB,17,39
"Latin Guitar, Creol - Acoustic Guitar",4qAhA0go0zXBxDIfo7mWT3,17,45
Illuminate (Deluxe),7n2wHs1TKAczGzO7Dd2rGr,16,80
I NEVER LIKED YOU,1RyvyyTE3xzB2ZywiAwp0i,16,78
THE GOAT,6AgTAQt8XS6jRWi4sX7w49,16,76
The Melodic Blue,5SXuuuRpukkTvsLuUknva1,16,78
THE TORTURED POETS DEPARTMENT,06HL4z0CvFAxyc27GXpf02,16,84
Unreal Unearth,2FXC3k01G6Gw61bmprjgqS,16,70
USB,4oLeXFyACqeem2VImYeBFe,16,71
Gold Cobra,165ZgPlLkK7bf5bDoFc6Sb,16,37
Bell Bottom Country,6tPHARSq45lQ8BSALCfkFC,16,73
"Punk-O-Rama, Vol. 1",0LyfQWJT6nXafLPZqxe9Of,16,26
Now You're Gone - The Album,37DdwREpvvQHmGLFEZ4h0Q,16,67
NOW 2000's (2000-2005),0LyfQWJT6nXafLPZqxe9Of,16,32
Baby Lullabies and Nursery Rhymes,71JAcPfeNMu1clNa9ifPUx,16,67
Power Vocal Warm-Ups,5vWyT7HXZ065xmNl1l2LwJ,16,34
