playlist_id,playlist_name,total_tracks,avg_track_popularity
5UXKrOHGgkc8b8KBEZlIv2,THE BESTğŸ˜®â€ğŸ’¨ğŸ”,366,93.5
0x5sdZSd4GbYmAucCshEsO,Best Latino Hits ğŸ”¥,79,93.0
4sWwG8C0tCVpfuDn8o8Rv7,Best2,60,93.0
2EoheVFjqIxgJMb8VnDRtZ,BEST KPOP 2025 - TOP HITS,263,92.0
5UzmPdCuqkl8kY3UF5u1If,Best Best Best,264,92.0
3wCRiN13Xv9zGrIah46wEX,sound,78,91.5
5KJDMJe9EJ7QRz8FG2MIpI,BEST HITS 2025 ğŸ”¥ Popular Songs ğŸµ Top Music Hits ğŸµ ,149,91.5
34NbomaTu7YuOYnky8nLXL,Pop Hits 2025 (Top 50),52,91.1428571428571
0wFL1lMU8TN3blKQKNWmeD,Top 40 Songs This Week 2025,40,91.0
4u6rO1YqK1cHCpET5B7mmt,"Female Rap / Baddie Energy ğŸ€ğŸ’„Cunty Pretty Girl Rap, Hot Girl Vibes, Boss Bitch Playlist ",197,91.0
09djDrzj13bww5Gk2YKmNH,Hot Girls Workout 2025 ğŸ‘ Hot Gym Girls ğŸ‘ bad bitches bangers to workout to when hitting the gym,100,90.5
6mtYuOxzl58vSGnEDtZ9uB,Pop Hits 2000s â€“ 2025,272,90.5
0SRdjSDz4RsuozwHv1zhvr,Best TikTok Viral Songs 2025 âš¡ï¸,218,90.2857142857143
07ZJHWuOvmBKS8g4QDJZ6s,WORKOUT 2025ğŸ”¥ HIGH ENERGY ğŸ”¥ EXERCISE MUSIC ğŸ”¥ CARDIO PLAYLIST  ğŸ”¥ BEST DANCE MUSIC,180,90.0
0uFhZpiffd4h8fcBgw42i1,Ed Sheeran: The Complete Collection,144,90.0
1yY0wizGKvNZGSRkOpTcRm,The Best of Teddy Swims - Greatest Hits,63,90.0
26ApDqfQuJooMGRHzSPLDy,*Best 2024,69,89.875
5EwfCDWx2TrZ0qa3xXixUS,"Clean Pop Hits 2025  /  Clean Hits 2024, 2023, 2022 & 2020s /ğŸ¬",299,89.8
0UWAxD0ebJhSV8pYg933OC,THEY X DVN VLM2,110,89.6666666666667
0EkZkx6cszrd9c6TBZeICz,Bad Bitch Energy ğŸ’…,319,89.6
5iwkYfnHAGMEFLiHFFGnP4,HITS 2025 - Today's Top Songs,60,89.3
774kUuKDzLa8ieaSmi8IfS,Top Hits of 2024,100,89.0
4SWt6k4KUSNzmgRtCTzOKM,TIK TOK 2025 âš¡âš¡  APRIL 2025,300,88.9047619047619
44nGPhcz4uh7ODHPHMoK8f,Asia Asia,587,88.8888888888889
1eUMOCiPfffJ1rPP2SfPxq,Chappell Roan â€œThe Giverâ€,27,88.75
2XbUzUqEZJ11nek8wv0QRn,jazzys playlistğŸ™‚â€â†•ï¸ğŸ™‚â€â†•ï¸,100,88.3333333333333
7CvHaGRzMXWk3J5njElArY,They'll my your fool,132,88.3333333333333
4wGBRTI1Lr6mHINAo9TVyW,Best ğŸ¤·â€â™‚ï¸,134,88.2222222222222
1o5oq509a0vzHRWFG6s6Qm,this.,194,88.0625
0riwGRxV0NFN0EJIZEUk0r,///,535,88.0
1NnrgRHC7WT8pXo3l0xBDy,Mashups that should be illegal ğŸ˜ˆ Mashup & Remixes 2024 ğŸ”¥,100,88.0
25Y75ozl2aI0NylFToefO5,Afrobeats Hits ğŸ”¥,121,88.0
2DfNaw9Z1nuddjI6NczTXS,"AFROBEATS 2025, 2024, 2023 ğŸ”¥ğŸŒ´",101,88.0
32HovauslOCYTENgeZlk6M,AFROBEATS TOP 100 ğŸ”¥ğŸ”¥ğŸ”¥(AFRICAN HEAT |AFROBEATS MUSIC |NAIJA |AFROPOP | WIZKID | BURNA | TYLA | REMA,111,88.0
45GzgV6QdDD5fXBN4i3U0g,LATIN MUSIC 2025 ğŸ”¥ Top Latin Hits ğŸ‘ Pop Latino,121,88.0
4RtQeOm3img9qGjO9VTgLz,AFRICA,77,88.0
53lN6PC4QxIQBuhvwYkem5,Zach Bryan Most Popular,26,88.0
5vXpQ1STmL5BZwl0jwFiej,Africa Padel Claremont Playlist,136,88.0
6mZNQXR2nNcX9ax5Z8o3nJ,The BestğŸ’¯ğŸ’¯ğŸ’¯ğŸ˜ˆğŸ˜ˆ,294,87.8571428571429
5xS3Gi0fA3Uo6RScucyct6,Party Songs ğŸ¥³ 2010-2025 Hits ğŸ‰,149,87.5
7lTAy5sFqA7qhGhl4plABo,This,196,87.5
3CPGXC844xi8popXIkXQ0j,Th3y,288,87.4
1udqwx26htiKljZx4HwVxs,2000s Throwbacks (Top 100 Hits),107,87.2222222222222
0Lf635QLrTTSTE4uhFu3OJ,ğ˜£ğ˜¦ğ˜´ğ˜µ ğ˜°ğ˜§ ğ˜µğ˜©ğ˜¦ ğ˜£ğ˜¦ğ˜´ğ˜µ,198,87.1666666666667
4jbZ6iF9esPmsVbjbStX9i,Gold!ğŸ‘‘,1972,87.1666666666667
24UjBf8Y87MeiPWk7q662l,Classic Road Trip Songs 70s 80s 90s | Best Driving Music for Your Car | Travel Music Mix | Old Hits,98,87.1428571428571
2XlWXSTD1AYi4MIhhKnqCU,Country Hits 2025,183,87.0
3LRK9qCkQQuhSErdfblhNL,Theyyy,603,87.0
5DVUEqRL1EV8I9n65eBaAw,sad songs to cry out to ğŸ˜­,137,87.0
6vDGVr652ztNWKZuHvsFvx,Deep House 2025,100,87.0
3aOkUl0SHu7bzE3bHTuow4,HOT GIRL GYMğŸ¤¸ğŸ»â€â™€ï¸,193,86.9090909090909
3649WI6e1a0FGwF7oGLC3W,best of the best,738,86.8636363636364
0ZoEsZauIkkEngSlsQGbh9,Sound,311,86.8
0UucHqeA2hp3nMQBDqQbzH,getting ready feeling hot af,169,86.625
0orDWyz3Wv1XDpO0YuiRw1,Hot Gym Girls Playlist ğŸ‘,213,86.6153846153846
2hkYvSjIEOwsPJFXYJJ4dY,BE$T,143,86.6
5O8WJcG187YG6gVgielOGv,Gold.,1171,86.5918367346939
0mQbGXAlmsI3T2Vyfa0IVd,"Sex Playlist ğŸ‘…ğŸ’¦Hottest Bedroom MusicğŸ” (Isabel LaRosa, Hotel Montell Fish, Two feet, The Neighbourhood)",217,86.4
3yFZjlOh8iJNdF9ibuSXlI,Sound,336,86.2222222222222
0W5NLlAHdVRJcuumfetfm8,"'they hate us, cos they anus'",462,86.2173913043478
2AHtZppT1L8Py6nntcMYkH,Jazzyâ€™s playlistğŸ«,614,86.2
6yQ8hakJKNW8v7ruRn0DvZ,Jazzy ğŸ˜,715,86.1944444444444
50oT1r1MNjcbpUdQbsxBhk,Africa,843,86.125
0UisjeP5y8FtRgBL7sYV0k,Jazzyâ€™s playlist ğŸ‘€,824,86.0909090909091
4rkNAjurbnWevGludSHIqQ,ğŸ’–Jazzyâ€™s playlistğŸ’– ,661,86.0740740740741
1J3AKimB28rwECybTnh3ob,lil peep playlistğŸ’,136,86.0
4V1OqLIowZVQEM3YyXwYgY,So Close To What OUT NOW - Tate McRae,49,86.0
4uf0gphPVNtk4Uu0bxtdGA,Acoustic Covers 2025 (Top 100),107,86.0
74u7EnjepGw4nQVm40CPqy,THIS,70,86.0
0SwRkvYUtznuv9OZOY0pGz,ğŸ—£ï¸ğŸ—£ï¸ğŸ—£ï¸,124,85.8333333333333
59cV2iKBg5VqBnVgru1cPs,Punk Gym ,1219,85.75
6gFxyEeABqR6rBvOWxH0n4,Jazzyâ€™s playlist,100,85.75
5tSbO6M5AT7r91ytDd4nNP,R&B Hits 2025,423,85.7142857142857
3ePaJfiduBO3GpYCK9rHu5,Gold!,382,85.7
0UqPyax7l1JOAHCyxYjWXZ,"They see me rollin', they hatin'
Patrollin' and tryna catch me ridin' dirty",99,85.6666666666667
3za8xUPaO5ng9AC7rpbMNB,70's Rock (Top 100),134,85.6666666666667
6hKomJBufFBtMZ2NGvUGce,The_best_playlistâ€¢_â€¢,318,85.5714285714286
77D6RCAi1qx3NEslpoG5Rv,Best ğŸ’¯ğŸ”¥,622,85.5555555555556
580P0wvHL8eRYyEODWQAeR,AFRO HOUSE MIX 2025 ğŸ”¥  Party Afro House Remixes,172,85.5
62bReXvmroQzQfEUuTNe3Y,Chill House 2025,149,85.5
6q9u6aMvgxNzwFZNPTbiUL,They can imitate you but they can't duplicate zou,47,85.5
7bu7BZEusLNJSaAuUUZBKn,HOUSE MUSIC 2025 (Top 100),104,85.5
48qVGdvASLAbtYxYWNSxk4,///,765,85.4545454545455
4oebh7bd8CH2CBdq2fBsw7,Sound,281,85.3333333333333
5XALIurWS8TuF6kk8bj438,Top Hits of the 2010s,500,85.3
3T5xXVbrRu0SWXfBXetG8q,Gold ğŸ,328,85.2857142857143
6p7VJKOyvdwMdGkpae8uuH,(-_-),918,85.28125
3ycGT6uroDFTkVasSjHFpq,?#%â‚¬|Â¥+Ä˜Ã˜,62,85.2222222222222
4VXP8kbZxxKvRjzmc9ZDV7,sound,436,85.2083333333333
3cI6nMKGS84XUbQr6o9GgU,Hot Country 2025,138,85.1428571428571
00KjsgI9t715OJFEUFziGJ,70s Hits - The Biggest Hits of the 70's,85,85.0
0aSvbpDVaEBTv9dPiXrndk,Disco Hits 80 90,313,85.0
2T3BSpqN34Z4sppHDNWoeE,"R&B Classics  90s & 2000s - Best Old School RnB Hits Playlist - Usher, Chris Brown, Ne-Yo, Mario",146,85.0
4tVtSi8WTUnGQlMOilJV63,This,96,85.0
5jKkHPUXGZHitWujNXQREE,Best '90s Alternative Playlist Ever,167,85.0
5rOcgC13c8nJxV5crU5y42,This and that,449,85.0
0qVADzlnZy20kEWpzSsZK5,jazzyâ€™s music,486,84.8823529411765
09PXcNTdoA7L3l9CGcWlnx,The Best ğŸ‘Œ,480,84.75
2gkJXk9oa6T6gyKe0WU7UR,This **** fire ğŸ”¥ğŸ”¥ğŸ”¥ğŸ”¥,621,84.75
5sWeIlcthpY448THizPfmv,Country Top 40 Hits (Updated Weekly 2025),122,84.75
6cGR8lJ2VPnaM9ePGPdhHI,Best of 70s 80s 90s Greatest Hits,637,84.7142857142857
4Kd2YZwJ9XipN8tGLXi99N,Gold,463,84.6666666666667
7e6gKFwEXMF6uDQzmD9YXn,The Best Of 70â€™s,318,84.5714285714286
1tglbc6YWPtZ0YS0qqlYWv,Give the Amish a heart attack,104,84.5
4r7spR4MXvsec7AMD2FJck,2000s-now Pop Hits clean,170,84.5
4Jb4PDWREzNnbZcOHPcZPy,COUNTRY HITS 2025 ğŸ”¥ New Country Songs + Top Hits,125,84.4285714285714
5KatiPHZFdhCGFUhoVnFNg,jaz,279,84.4
0znR1ROsHpKqsFT1c55Yzu,Golden Oldies 50's & 60's - Best of 50s/60s. EN Greatest hits - Grandes Ã©xitos de  los aÃ±os 50 y 60.,513,84.3333333333333
2sJHKLdguqXaJIWHuYgIZ2,":*&!""()""/?",431,84.3333333333333
3638tyA3gNr4x30tb33j7R,THEY ARE NIT LIKE USğŸ˜ğŸ˜¼,609,84.3333333333333
4ASGb9HSoMEUekd7ClxZxZ,Pop Punk Throwback Bangers - 2000s Emo Punk Rock Hits,226,84.3333333333333
5UsrYS3aOlwEoQjdMYSLwH,Punk,389,84.3333333333333
5mMwgU3jW7Wxxkr5F7GzSj,YACHT ROCK | TOP 100 SONGS,150,84.3333333333333
0SSFFoylScMOklD97eE5QY,ğŸ¥±:-/,752,84.28
1EWFZL2cPkur5CSeGkTgM7,Best of 70s 80s Greatest Hits,515,84.25
5KmBulox9POMt9hOt3VV1x,70s HITS | TOP 100 SONGS,137,84.25
6b2dBnxolvwV2L1L4thWRm,Classic Rock Songs 60s 70s 80s 90s,515,84.25
4TvVpoyxF9kmnu1GLikiQp,clubbing like it's the 2000's,507,84.1428571428571
1ti3v0lLrJ4KhSTuxt4loZ,Top Classic Rock Hits Of All Time,708,84.1052631578947
57zhtpFAIVfLugSd6tzOQM,Best!!!!,1361,84.0652173913043
02zYciJ2UcJ0pqCNd5kGRC,Punk,227,84.0
0PNhuPVQPjRYiSXsVPflTn,The best songs ğŸ¤·,167,84.0
0dMexqq0XIWS3QJ74z3ZhD,Hip Hop 2000s Music - Best Hip Hop Hits of the 00s Playlist (Top Hip Hop Songs from 2000 to 2009),150,84.0
1Auw35jiiIb2CF06a7rXvg,THE BEST OF PUNK ROCK,124,84.0
1GXRoQWlxTNQiMNkOe7RqA,Hard Rock /Metal,285,84.0
1MpfaO3BUTsh2lu9oEJ9cW,2010s Emo/PunkRock/PopPunk,110,84.0
1jQx9cBFAsfnMV0tckNMQz,2000s Pop Punk Hits,145,84.0
2WxbQjSs5xcKRRcgIH5xQW,GUTS world tour official setlist,24,84.0
2XzxrxzOiESce0AFAqT9yL,"Golden Oldies: 50s, 60s & 70s",95,84.0
39sVxPTg7BKwrf2MfgrtcD,Punk Rock (90â€™s & 00â€™s),214,84.0
3ITYuY4bso8sVhPn8BGsfM,Punk,328,84.0
3Y7PnZDkdyNk1uZmlRYQUa,Punk,84,84.0
46U91gWTkZ5iCMfDlo0QgQ,Sound,2599,84.0
5A5eSBGX6wvw3KPOAnlEWB,punk onlyğŸ™,413,84.0
5sCvhbvnpBEFoaBpT5I6fl,Punks Not Dead,257,84.0
6BR89zcWs2ZuqcOB8NKuwx,This,65,84.0
76iQv4c5qSM4AgvXph4rJu,Early 2000s Punk Rock,121,84.0
7pbcEsNHfxpDXGwsGbbX7y,The BEST Punk,683,84.0
0CyQUjXRmDXjOgHw71xN41,Songs to listen to w/ Jazzzzzzy,330,83.8888888888889
4Ze6ci5FcJtmrNqlE7Wz4I,early 2000â€™s rom com,59,83.75
4iS7FhOe7z89QtxKi96D30,sound,634,83.5833333333333
2q5NaBXe6oBHMrXerHtn4S,sounds,241,83.5
5RkXZzyPCKrovrl1XF92vo,70's Rock Classics,493,83.5
695lyn7hI7UZ6jVB7RM2Jc,Punk,1246,83.5
0GsvYNj45QjR245EWqgfDs,OVO SOUND,106,83.3333333333333
4HJi4xyBETTGzmDNZt2sG0,The BestğŸ˜,754,83.3
6hXwzaSaiiWUazPjpQn0Yl,Happy Music from 1980-2025's ğŸ˜ƒ Feel Good Songs ğŸŒŸ,438,83.2857142857143
29vBHGS0VNLVhNG7BjJLfS,hot girl running era,130,83.1666666666667
4fBcYN8PgjH23N4QEe1tUx,Jazzzzzzzz,977,83.0952380952381
0O1bFEDkECrccHIkpTtffn,feeling jazzed,14,83.0
1UoRdESCTuRPEQE9wH8ypi,Linkin Park: Best of Playlist,65,83.0
2CW80PEjtp3m8lCSuxJXON,"Classic 50s, 60s, 70s, Rock N Roll",55,83.0
19PgP2QSGPcm6Ve8VhbtpG,80s HITS | TOP 100 SONGS ,143,82.8888888888889
1jycIoHPDqXBDOsndc4MW0,Jazâ€™s playlist,359,82.875
3zossEoJ133BeXJ5kv21dU,B E S T,1197,82.8333333333333
0BuJ8ryPyMdXnQEp8shVAu,Gold 90.5,323,82.8
76rdRnqObDDND57p9Vfopu,>:(,857,82.5714285714286
0vYHovBPL2KxtcHlNVgngz,sound,285,82.2222222222222
2ouv658vjoW6THXwCb3kc6,sound,1836,82.0769230769231
18vUeZ9BdtMRNV6gI8RnR6,Techno Music 2025 ğŸ’Š,150,82.0
4h9dvquufDVDyGuYRHeu73,2000 R&B Hits - Top R&B 2000s Songs (R&B 00s Popular Songs),150,82.0
4lRQ0QeE8TlEEB272EPh3X,"TECHNO MIX 2025 ğŸ§ª Rave Techno Remixes for Party, Gym, and Car Music",223,82.0
7J0ssQcMWpjaR5R59eESWP,EDM Remixes of Popular Songs,73,82.0
0ZeiiX7bwPjcsUAYgKRw6q,â†¯â™¬*ğŸ¹jazzâœ¬ğŸà¹‘,575,81.8888888888889
6iD4umTCuMnYfYg6mGbdVv,best of the best ğŸš«âŒğŸ’¯ğŸ˜¹ğŸ‘â‰ï¸â—ï¸âœ…âœ…,643,81.7777777777778
4tvPK4nTexfjjS8YmMmWcJ,Best of the Best,1583,81.75
50CGcs5aSdTy3KprfOlWLM,DJ MASHUPS & REMIXES ğŸ§ DJ MUSIC 2025 ğŸ§ DJ PARTY REMIX 2025 ğŸ§ DJ MIX 2025 ğŸ§ DJ REMIX ğŸ§ BEST REMIXES ,130,81.6666666666667
6Jhe34Z0vZTRrtIy27UipT,Best of the bestğŸ˜¶â€ğŸŒ«ï¸,1614,81.6111111111111
6e59gClGRNkc1YPfP09B0g,â¤ï¸Asiaâ¤ï¸(Mostly Kpop),2802,81.4444444444444
0jw9FCE6uMm6cY5yolsd6t,sound,469,81.2857142857143
70N5mgNl3QBQB09zXoa72h,80s Hits - Best of the 80s,82,81.1666666666667
7wxEollKvGa0eYWhYNkiZ9,they,1327,81.1666666666667
3C64V048fGyQfCjmu9TIGA,90s HITS | TOP 100 SONGS,145,81.0
49RoQF55lyRSgSZwRAHh5K,50 Cent Best Of,35,81.0
6Evb2FvsvxncumgZ9EABQT,"Rap 2025 ğŸ”¥ New Rap & Trap Hits, Best Hip-Hop Music, Rap Hype Playlist, Aux Bangers,   ",206,80.625
4dIToaJTM7rzVH7kstex1Y,BABY BOI - Album,227,79.5714285714286
6rYOd84VI5TFDgKBGMcdf4,They them energy playlist ğŸ”¥ğŸ¤™,893,79.5714285714286
4ZB8LNvjTqxyUZPzHyYYJq,Remixes 2025 ğŸ”¥ Best Popular Songs Remixed ğŸ”¥ Best Remixes & EDM Hits 2024 & 2025,232,79.3333333333333
36LTGEppXAZNaQ9QMKDm3l,Country Remixes ğŸ¤  Party Songs 2025,164,79.0
5N7ynDD4Kb5gzb2Sb6ZOId,/&/&:8@:;&9â˜†âœªâœ¯,50,79.0
5vRTUdBHXlnHPDfcRW8hDi,Bass Boosted 2025 (Top 100) ğŸ”¥ğŸ”Š,159,79.0
6eyjeIOgYy1qSntt3mTJJf,They Hate Us,99,79.0
2daSvfEmKVRcXMMuf5lAhx,Tik Tok Remixes 2024 âš¡Best TikTok Remix 2025,295,78.875
2n8POxkiNjLibFSTwe4u7p,Naija (Afrobeats/African) Mix 2025,87,78.0
01MRi9jFGeSEEttKOk7VgR,All Time Rap Bangers 2010-2025,237,77.8
5TDBDjx0q7PCshmhpDivZ8,Best of 60s and 70s Classics,211,77.8
7EnIitpBIDp8hbqoaOWfQO,RAP MUSIC 2025 ğŸ Best Rap Songs / New Hip Hop & Trap / Top Hits,119,77.5
2oKgQmWLlAgCqw0YD8SvEg,Michael Jackson: Greatest Hits,44,77.0
4FHRFbpiSTV6ZNisvL8YhY,sound ,251,77.0
7elMmOO3kljdQsQWZ6zDKZ,Mix - Michael Jackson - They Donâ€™t Care About Us (Brazil Version) (Official Video),21,77.0
1dgvF1H3UpEPqoFpye1G1d,NEW PUNJABI SONGS 2025,274,74.5
5kaF0nY1hSkUvKobBPHfZ1,Asianavenue/Asiantown,538,74.0
5lDHB8r2Yjp4eJBpkDIo90,MOWTOWN GOLDğŸ“€,100,74.0
62wW67yRcDrZunRQlgzsqU,Vietnam War Music,299,73.5
3T0hM0NdGCI5Vj35P4IKdX,This,1231,73.0909090909091
6KMxAb5UmBe6cWZliQ7X30,<>~ <>,359,72.0
5vGMsjreMahQxS4tk6wLi6,TOP 50 PUNJABI SONGS 2025,350,71.25
1J2BurQbO9hd1H2sbO8AXv,Asia - Greatest Hits,28,61.0
0JUvjIUw7xzAFI3xZIz7em,INSTRUMENTAL COVERS 2025 âœ¨ popular songs,657,44.5
3Oja01PzOV8BNv13issMm3,!?&/â€œ.,239,38.0
3ePWF5TuoWsVFKweKZjt8V,70s Disco Hits: Best 70's Disco Music ,53,36.0
01RMcv87lqJE9JGJWW6Fgz,asia âœ©Â°ï½¡â‹†â¸œ ğŸ§âœ®,210,NULL
07eP9XGdyfir7QfAUzlU9M,sound ,708,NULL
09VnEP3XvSbb8gYCgNwXNL,BEst songs,34,NULL
0I3aEQyxrT9CJZStbEQ9fE,Berceuses pour endormir bÃ©bÃ©,213,NULL
0QlR1q5w8CRtklntr6D0oO,Jazzy,419,NULL
0XvBIoFUDrKfoPmnhz1fS4,"Japanese Zen Garden æ—¥æœ¬åº­åœ’ - Peaceful Instrumental Asian Music for Rest, Relaxation, Meditation & Spa",124,NULL
0Y1JzZVhZh17uSFFxnqOvl,90s Dance Hits (Top 100),102,NULL
0Y44bc2Fd2IfbhqSPnNlTC,Taylor Swift: Hits and Best of,51,NULL
0ZcdhVTeR3X95ExYBODghl,60s & 70s Folk Favorites,128,NULL
0cBagpPTUB8jtCggG7ZUbW,They are,17,NULL
0cPbYWjoEMCsyo6IaQmSGK,Ëšâ‚Šâ€§ . JazzğŸ·â‹†ï½¡Ëš â‹†,150,NULL
0eU3ubPAnqeSMi9K3YKVpC,Anxiety & Stress Relief,333,NULL
0eqsMTRu9NccER1U6hzLpG,HIGHEST PRAISE - African/Nigerian/ Top Naija Gospel/ Christian Dance Medley Playlist,45,NULL
0lJ4OodbPPytkymc7i9fpV,Africa Jungle Part 1,80,NULL
0mnWqdNjnmb0AqNmXzQ0Vz,"Tibetan Healing Music, Zen Meditation, Stress Relief, Relaxing Music, Tibetan Bowls, Indian Flute",255,NULL
0nBdTD4blUYFfb34S4eIzI,Alex Warren - Ordinary,26,NULL
0tbEVM823MYsq6iOM1UMgJ,they,14,NULL
0vHznOrheXFwZnOnTtOAie,RÃœFÃœS DU SOL - Inhale / Exhale,68,NULL
0vvXsWCC9xrXsKd4FyS8kM,Lofi Girl - beats to relax/study to,500,NULL
0wat7r5xG8EUmKbVHoNc5A,â€¢ jazz,337,NULL
10lifKl4b1AQ4LiIu4FJ6W,90s  DANCE CLUB HITS,76,NULL
11KuypNcTWLPbpcyEGbBge,Punkâ€™s Not Dead,50,NULL
13mSKGefyqQctAigf2Eejm,Bob Marley Greatest Hits 2025,67,NULL
13sa9LdlWuPkj4DjSGyjGz,Teddy Swims - I've Tried Everything But Therapy (Part 2),67,NULL
15jlmMdOdpj9tbejFrFwFn,Asiah Songs,48,NULL
16QguuMuZbadn8Ll3exMpS,Bosa Nova Covers 2025 ğŸŒ´ bossa nova music,326,NULL
19IxaTw7KuI5j9C8joPvH4,asia,155,NULL
1All5I9pyXjJ2ArZt4zuCX,NF Real Music Playlist,85,NULL
1D8YVYiePEOl8dq7m7ZF9L,Big Bootie Mixes (Vol. 1-25),822,NULL
1HVP7E8RkpieiGSxvATJbU,LOFI COVERS of popular songs ğŸŒ™ 2025,374,NULL
1Kgkkup7w9qvGxGJGa75PS,Divorced Dad Rock: BANGERZ,96,NULL
1L1r2gqIjMYNzrpybyQowo,BEST OF AFRICAN BEATS 2023,109,NULL
1NAqXKzVITXohIanv5M2fp,Asian Electronic,87,NULL
1NRVqwiwCUdGmza9ND8Dc9,Most beautiful Quran recitations,176,NULL
1QcsybeUidDJIrPQTHS6dD,"Anime Lofi Playlist (for chill, study, sleep)",757,NULL
1S5RAZBzkW1UKXgI0EKJKd,JazzğŸ¦…,114,NULL
1VWJjbN7LBzM6M4FG76ImT,Asian lofiãƒ»DREAMY,368,NULL
1XZziwW7BJQEBHewndZYx1,Trending OPM Hits 2025,330,NULL
1d4g4cPerKRleywglejPGe,Regine Velasquez - Greatest Hits by Gene,65,NULL
1dDBnMB8hg56RtFPgyuEpA,Africa,58,NULL
1fYx6s4pBo4g04mRLPV8gu,Kishore kumar top 50 song,65,NULL
1g0ObStnohqvNXeDhyXVE7,"60s, 70s, 80s Hindi Melodies (Bollywood Timeless Classics)",142,NULL
1h0CEZCm6IbFTbxThn6Xcs,Best Classical Music,233,NULL
1h7X42UUawuKy1ZbY3qkgA,Bob Dylan: Greatest Hits,54,NULL
1iusWdgZvlyO1T2VfZ7ShU,Sex Playlist (Slow Bedroom Music) ğŸ’‹,57,NULL
1mwIluT6YC7UOrVfMNoowr,All Taylor Swift Songs,260,NULL
26YOxTFXweeLYW842QDtTv,Best of Bach,84,NULL
26Zi3qLKC9cAWDs7wbbSzc,jazz bar in nycğŸ·,175,NULL
26xHk0w8Kpcq3eSBjmnAmu,Relaxing Chinese Traditional Music ,258,NULL
27Zm1P410dPfedsdoO9fqm,Classical Bangers ğŸ¹ğŸ»,422,NULL
295sjg2ddSClZhzExHh4dT,"Sushi Nights - Japanese Music | Traditional Asian Vibes, Peaceful Instrumental, Guitar, Piano, OSTs",156,NULL
2AN29mlw5R537AAQ3JlWDX,They can't chase us,3,NULL
2Al9G2jrWkwDlRFMZaw1GX,lofi Jazz Cafe ğŸ·Study Beats & Chill Vibes,380,NULL
2BWEZLEziAxPeFqXo55LZv,sound,389,NULL
2Gfz6aLyveRL53sKyUT8QX,Africa ,54,NULL
2Gw2LLh1ohBYCrx385We5D,Musique Pour Dormir 2025 ğŸ˜´,174,NULL
2JzFMgSZ07jeF7C2JJhevy,Cabane Ã  sucre ğŸ Sugar Shack - Folklore QuÃ©bÃ©cois,239,NULL
2OYSmpoGjjad0vGsQLiCxA,Sleep Music for Babies,245,NULL
2ay3iGTskLz3x9Z0EyPI5g,Punk,48,NULL
2bcugfGQVIUfXj9PvIRYsS,Nemzzz - RENT'S DUE (DELUXE),75,NULL
2bt8Ud6uOPDRXCFkOs82Yu,Coming out,476,NULL
2dYiFnp5et3xQq08IKLtHV,The Beach soundtrack,10,NULL
2jTy5QwqWJ1ZUv2XeJPYbn,Daft Punk Greatest Hits,13,NULL
2sWwKJKAznIkvjoFRJ3ag3,Calming Music + Nature Sounds,321,NULL
2sZYutAwhMODqCaS0mYj4Z,Instrumental Studying ğŸ»ğŸ•Šï¸ğŸ§ğŸ“‘ğŸµ (soft/no lyrics),84,NULL
2zC4n1gULzB3BpNFWBBgiL,PUNCK,44,NULL
30wSGnPtRQcjPTcH0Wx4eN,Piano Sleep ğŸŒ™ Relaxing Piano Music,38,NULL
30wdzfOKmW7JmLPiQI0BGC,Top Christian Worship Songs,127,NULL
31W777wHoBxvbv1qJrfhb7,Hazbin Hotel (ALL SONGS IN ORDER),16,NULL
33MWLJcVuAbiNb96lqxp3W,Best of Amrinder Gill â™¥ï¸,137,NULL
36DUMWypeO6Pbimw91NOny,11:11 (DELUXE) - Chris Brown,155,NULL
37sktwnER4qfx8RwQ5eqiB,Musique Relaxante 2025 - douce & calme,143,NULL
39SqXv5FCDAQ5lZP6KPt3V,Les Vrais Classiques QuÃ©bÃ©cois,134,NULL
3FSvK3GkiECDMHeeIbbJIn,COUNTRY MUSIC 2024 ğŸ”¥ Top Country Hits + New Country Songs,157,NULL
3HK7ijkfbOD4Qb3OJV4FWv,Green Day ((Best Of)),68,NULL
3HvgaZeBWbr7UjFeicPFRI,EPIC: The Musical (All songs in order),40,NULL
3HxQEgrgsqxFC3hpKobksf,Binaural Beats for Sleep,288,NULL
3IyxG0iFRtunooS7QBavII,They are,39,NULL
3Kjm0qsYzI5PRBQJT1CsIr,This,443,NULL
3PzdgFL9jCS4H71uR6y0iq,PUNK CLASSICS: 100 best songs,130,NULL
3bUcZL2GRzJZIiHJ6bB6yN,Violin Covers cause they're ethereal ğŸ»âœ¨,34,NULL
3dEL2fn2HqnnIpSlearSJE,90s DanceHall ğŸ”¥,51,NULL
3dFoe33JqsTEp3o1Jx56Yp,Best Minecraft songs 2025,32,NULL
3dHGqzM20pYEW1ZyMvcw9N,ADHD Sleep Music,300,NULL
3jP3JeBbJPPzurmD67TTOX,jazz,109,NULL
3kEnfYJ3dyBG05cRm6UDnZ,70s Country (Top 100),114,NULL
3nS8d7ekVjFLM4jVyqbDGY,"Waka Waka (This Time for Africa) Shakira  Tsamina mina, eh, eh Waka waka, eh, eh Tsamina mina zang",105,NULL
3pRPSiVu1EOiZXC54ffR2e,Full Quran- Mishary,114,NULL
3xqcAMgjHGrv3ElA51zZRj,Eminem: Best Of The Best,44,NULL
45xC6oHfdWxDURVicbYMjl,([[[|]]){,3697,NULL
4ANlBwGxSJlFTWjj3kTeXU,The 50s & 60s - Golden Oldies,103,NULL
4IKGSUCK45fENklONNSpZR,Best of SKA PUNK,80,NULL
4ILyGg3caO2FNlSlnEktDj,TOPGOLF,28,NULL
4KSEJTnuzMqQUrhym2UF9K,Best of Charlotte Cardin - Feel Good,56,NULL
4SqHPxWKDi4YP91NYLzBmZ,>:(,334,NULL
4T75fQJbyBh8xXBVi1Hv4K,Greatest Rock Ballads,171,NULL
4TAyMk5PSfBTmCAFwTbuQg,Soft Worship Music | Calming Christian,122,NULL
4TwPUSsqgK1BYQxatjvfPL,ğŸ‡®ğŸ‡³Indian remixğŸ‡®ğŸ‡³ğŸ›,53,NULL
4Ymf8eaPQGT7HMTymoX82f,AMAPIANO 2025ğŸ‡¿ğŸ‡¦ğŸ‡¿ğŸ‡¦ | SOUTH AFRICA (SA)ğŸ‡¿ğŸ‡¦ğŸ‡¿ğŸ‡¦| AMAPIANO TIKTOK HITS | AFROBEATS |AMAPIANO GROOVE ,71,NULL
4YywQSYzZGtdGNFC3OhoMh,Bailey Zimmerman - Holding On,36,NULL
4asoVXnZZSnf6CB586Wigz,Canadian Classic Rock,315,NULL
4gneNIXsgS0yiYO7XRTJv9,Asian Massage,229,NULL
4muHyvSwG1wP9sI4XihC5w,Instrumental Popular Songs 2025,551,NULL
4tII1FZZlyM7lUBr0y5bvN,"80's 12"" & Extended Remixes",487,NULL
4z3S8we1s6hBhXbiGuqN1Z,"Relaxing Bamboo Flute music | Guzheng, Erhu ",162,NULL
55EsOPHGrXB3S0oEbYsghO,Jazz,198,NULL
58NXb0qHuUjSLgKzFTemwW,sound,724,NULL
58hI5Tk6zqrUacC6Owq0Mf,Asia & Gioli,48,NULL
59BEOKC7uV1Pv1mRg3aMRe,lofi sleep ğŸ’¤ mellow lo-fi beats,474,NULL
5Caw1wQERXRjvuDSeOx9pS,the bestğŸ˜ˆğŸ˜,656,NULL
5FAJg17Von0Mc8jkHUJQDf,ABBA Gold: Greatest Hits,19,NULL
5FI8rn340FgsOB7B8Ic0DZ,Sleep Music for Deep Sleeping,432,NULL
5J0AuCTRCc71qE7klIbjmA,"Ado ""Ready for WORLD TOUR 2025 Hibana?"" Playlist",25,NULL
5SqR3iQ1rvzjjB8vEPlF8d,Bachata MIX 2025 â¤ï¸ Las Mejores Bachatas RomÃ¡nticas,114,NULL
5Ux99VLE8cG7W656CjR2si,TOP CHRISTIAN HITS 2025,1003,NULL
5XEDGTA0v2FGh8O2Qid8BX,Punk Classics,261,NULL
5XRCwccRexDx6RNmEjpbQV,528 Hertz âœ¨ Sleep & DNA Repair,232,NULL
5ZiGWV2hUfCF0wgd87Ln34,Happy African Music,11,NULL
5bYALRG460A9NBydIPzNJr,Alan Jackson: The Greatest Hits ,60,NULL
5cwPclg5ZtafoBPWgZMHMb,classical music to study or sleep to,173,NULL
5fMsIcWVx1qkrq5NrCs8r9,Asian Spa,91,NULL
5vVSfOsF8YRueAI1dOI0Lh,Cozy Coffee Shop â˜• Jazz in the Background,211,NULL
5vZGF73NyIiJdofAj1HPdR,ADHD Focus Music (No Lyrics),108,NULL
5zQJXodHqFZNYkvKyM7BGf,Relaxing Asian Music,171,NULL
61pY4D6zyyOc9YrXXBzD3x,â™Ÿï¸â˜•ï¸Jazzy ğŸ—ï¸â³,61,NULL
6HLAIC1GbYU5m8umjOWceB,ğŸ“¦JazzğŸ“¦,1253,NULL
6IKQrtMc4c00YzONcUt7QH,Chill  Vibes 2025 ğŸŒ™,207,NULL
6KqTyKdhaJeC46k3t8hSZw,Ocean Sounds for Sleep (10 Hours),419,NULL
6L0keGopfWZMQ76K4O8bX1,Fall into Sleep Instantly,30,NULL
6MWZPckUF22pOqWMLxmJHC,Zen Spa Music ,205,NULL
6NI9n27zaXCNpncdd6jWDR,SUPERTRAMP - Greatest Hits,22,NULL
6OJBQs9vWu8K8QFQlGm877,100 Best Disney Songs of All Time,72,NULL
6OwjAtZu5ZmYf9qE78rTDn,Jazz,861,NULL
6Pu7xFM5dfvmex41NDwAV9,Creed - One Last Breath (Atliens Dubstep TikTok Remix) DnB,149,NULL
6RjEsUgYQJNECkjHYTIHMV,The Best of Regine Velasquez,188,NULL
6Wu1PLrAuL1aApvX0iX9Rh,Asian lofi,156,NULL
6XMhvUe2OfARE6iEjhx96k,Lullabies for Baby Sleep 2025 ğŸ’¤ ğŸ§¸ğŸ˜´,100,NULL
6aC4Vi3SEUQrVDc853YpXU,GYM TECHNO MUSIC MIX 2025 ğŸ’ª Workout Techno Remixes ğŸ‹ï¸â€â™‚ï¸ Tekno / Tecno Motivation Songs,210,NULL
6hLFIlGNtmnHT30aWqYPUK,.ï½¥*â€™â€™*ï½¥.â™¬,253,NULL
6jzaVCcrtSETQmZdX7xgMO,THEY DON'T KNOW ME SON,37,NULL
6l2sPFg1xZUfSR6RSMppEI,BEST OF QUEENğŸ¤˜HITS,31,NULL
6oz0atJ6JsVOEra9t8irOO,CELINE DION GREATEST HITS,70,NULL
6pnjjHaIuQ1HqB9tIoCMay,Rocky Training,17,NULL
6q5kdVtAcChNB4MrkLZKAv,NaprawdÄ™ nie wiem,681,NULL
6sPkDFYJLQ1eNNjURZbAoZ,Deep Sleep Music 528 Hz ğŸ˜´,300,NULL
6sWNtqsq1ip2quKm6U3UvD,Piano Covers of Famous Songs,490,NULL
6wx6zQaEaQ7pWj7e0CIM3S,Thunderstorm Sounds - 10 Hours for Sleeping,49,NULL
6zCID88oNjNv9zx6puDHKj,Lofi Study 2025,182,NULL
71R43lBYQZ6JQXH6LmRo1I,Reggae Classics 70s 80s & 90s | The Best Reggae Songs Of All Time | Reggae Music Hits | Top Reggae,84,NULL
71jjICYVEDBmQupLqWU1Fc,Punk,368,NULL
72t3yqJQzJrupxWVyBFztJ,Punk Goes Pop Greatest Hits,108,NULL
73vgYUkmhGybPB0JvgM5kH,Africa Remix 80s popular Hits,29,NULL
7AEcPPO8lOV4SK5QbJLQAn,___/)_/)_/)___,492,NULL
7COx1deY89MixCcech5UmI,African Lofi AfroBeats ğŸŒ»,361,NULL
7DpTp2kxMKGxKw64DUOG4D,Sound,282,NULL
7H4dd4kghuTrhft08UbIOq,The best ğŸ‘Œ,117,NULL
7KP4SLTutz6oQ1Fzkxfk7f,GABBY'S DOLLHOUSE - OFFICIAL PLAYLIST!,60,NULL
7Mg1CTeCXhUSkCDKIKu4qM,Jazz,106,NULL
7bq6yq7ha0AB24UGzkSjNL,Best of Red Hot Chili Peppers ğŸŒ¶ï¸ RHCP,60,NULL
7bwvWZbKWRUTpfBwL2qpFU,"Classic Country (50s, 60s, 70s, 80s, 90s, 00s)",375,NULL
7fIdjWhWzPbf1g5OSDKOXw,Best country songs (greatest hits),227,NULL
7i8PotqqlAb88Bwybh7PAk,Jazz House 2025,368,NULL
7ugJY6dyWgedoBUwWU3hYJ,â˜ ï¸PUNKâ˜ ï¸,56,NULL
7vBaajEoq9EHsz1iRhAdPA,Sleep Music 432 Hz,414,NULL
7wNg25tXMIVjCXjDoVqHyY,80s Power Ballads,101,NULL
7zNEJWeJBL9C84YjiJ2jDX,Africa,385,NULL
